COMPANY,FT_SITE_ID,SITE,PROD_STAGE,GP_SITE_ID
Cold Ocean,E8D54523-72E7-41C1-9AAA-4B40159DC4F9,Grip Cove,Marine Site,3100
Cold Ocean,512EEA3F-C780-4386-A558-453EEADE0476,Killbuck Cove,Marine Site,3155
Cold Ocean,01B602EE-4759-4701-8788-092ED99507F4,Manuel Arm,Marine Site,3160
Cold Ocean,5FF3BC2D-E9ED-4D8C-BC0E-53736C048C59,Matchems,Marine Site,3170
Cold Ocean,775B519F-70D7-4DD0-BD58-BB2F1F63E496,North West Cove ,Marine Site,3420
Cold Ocean,11D7A63C-71C1-4732-A49C-010C691862EF,Olive Cove,Marine Site,3185
Cold Ocean,C0419D45-7A68-4069-9FAD-85FD439487D9,Robin Hood Cove,Marine Site,3230
Cold Ocean,8DD3A87C-4879-4455-8F07-465B76DB10A0,Seal Cove,Marine Site,3280
Cold Ocean,1F6AE52C-44A7-4094-A279-33831DBDE028,Sugarloaf,Marine Site,3320
Cooke Aquaculture USA,F91434A4-6171-47EB-8450-984BFA805913,Bingham,Hatchery,4020
Cooke Aquaculture USA,D6055F9A-D937-4676-AB04-5D3D8CFD1CF2,Gardner lake,Hatchery,4870
Cooke Aquaculture USA,653B82FF-B6F6-4B96-8DF0-C5183FA21E4D,Oquossoc,Fry Production,4900
Cooke Aquaculture USA,DEC2AD14-797B-4B6A-B887-135BDAF08ACB,USDA,,
Cooke Aquaculture USA,EF8F2661-F11C-49D6-91D8-4DCCBE02CEA5,Black Island,Marine Site,3540
Cooke Aquaculture USA,1B60CE10-4251-4AD7-8164-3EA4B0E73244,Black Island South,Marine Site,3545
Cooke Aquaculture USA,581E891D-E181-469A-82EC-859952EE7233,Broad Cove,Marine Site,3550
Cooke Aquaculture USA,152B284E-19E2-4BCC-90D2-8B9D5747DA84,Calf Island ,Marine Site,3555
Cooke Aquaculture USA,E17D79A9-03C2-4170-92E8-E76C260BC594,Cross Island,Marine Site,3570
Cooke Aquaculture USA,F93F29A1-369E-4B02-BDC9-267DAFB902D5,Cross Island North,Marine Site,3580
Cooke Aquaculture USA,44164C87-498D-4A09-9F76-25671CC8F828,Cutler West,Marine Site,3590
Cooke Aquaculture USA,794078C1-D398-4B28-B538-DD9D0E2EC95A,Deep Cove,Marine Site,3620
Cooke Aquaculture USA,6EACD2D1-8B6F-4BD3-88EF-5F5F8CE6AFD0,Sand Cove,Marine Site,3740
Cooke Aquaculture USA,A51AFBAC-65B9-4414-A979-33448EDAB6A9,Scragg Island,Marine Site,3750
Cooke Aquaculture USA,2692C1BA-06E6-4D59-8606-93F33CB60F1C,South Bay,Marine Site,3780
Cooke Aquaculture USA,464A9D9C-5AF3-4FE9-96C3-30ACD61C3F27,Spectacle Island,Marine Site,3790
Cooke Aquaculture USA,C6A2B8A1-806D-4B21-9896-CEAEEC045F41,Starboard,Marine Site,3810
Kelly Cove,22351B73-15AA-4620-9341-0761FF9BC519,Margery Cove,Marine Site,3180
Kelly Cove,2D54C492-8CE8-4041-9233-553FE1FD3298,Anchorage,Hatchery,4000
Kelly Cove,4F5843A3-B164-40FC-B53A-19B677BB5A61,Baileys Brook,Hatchery,4480
Kelly Cove,A12596D6-A4A6-4369-9A3D-739AD818B2D6,Barney River,Hatchery,4470
Kelly Cove,F6599033-8FE9-45BF-8647-086EAB97A91F,Belleoram,Fresh Water,4630
Kelly Cove,45D2F248-CF47-4C29-8DC6-2C7A596DBDA1,Buckman's Creek,Smolt Production,4010
Kelly Cove,2DE8438F-AC27-43F9-A037-EFA25D3A0F19,Daniel's Harbor,Hatchery,4640
Kelly Cove,423045D1-6593-4768-B411-0E2193624C42,Digdeguash,Hatchery,4020
Kelly Cove,3CAEB47B-B1A6-44F7-B34E-2F31A57EC540,Elmsville,Undefined,4030
Kelly Cove,B14127E9-EB9E-4C12-B444-8980C16FF769,Genomics ,Undefined,4045
Kelly Cove,DDF4EBDB-4488-46B7-8E03-706019D26B77,Huntsman Marine,Hatchery,4080
Kelly Cove,C95FCE40-36EC-4CD6-9501-187408AF4BC6,Long Pond (FW),Lake,4670
Kelly Cove,EFBBA0FD-4670-41E0-B417-A30706BF3529,M. Mullen Smolt,Hatchery,4450
Kelly Cove,E14E5D9A-9B92-4BB9-9524-7B515CF14209,Millbrook,Smolt Production,4455
Kelly Cove,6E6C6D03-8388-423A-A381-C9703668A49F,New Johnson Lake,,4055
Kelly Cove,2F96C51D-AC4C-43F8-AC68-1219F7E25802,Oak Bay Early Rearing,Brood Stock,4100
Kelly Cove,1029D19C-2D93-4C49-9046-68967490E791,Oak Bay Smolt,Fry Production,4110
Kelly Cove,2FD34E8D-739C-4174-B40F-3FA27083A5BD,Old Johnson Lake,Smolt Production,4050
Kelly Cove,BC7B5E0A-0F99-47AF-B2E5-D277434C82BA,Penobsquis,Hatchery,4195
Kelly Cove,05A45428-C777-467F-B97B-A4E882715789,ProNova,Fresh Water,7656
Kelly Cove,06E3713A-51AD-44D9-B2A3-CEEF16CD389A,South Oromocto,Brood Stock,4200
Kelly Cove,5406DEE3-CEA0-4E92-AE97-80A7699FD994,Springdale,,4240
Kelly Cove,A4AE768B-1A96-4F56-A476-CDFA692C7D88,Swanger Cove,Hatchery,4680
Kelly Cove,8D19163B-FD9B-42AA-8AEF-CFFAAF004F10,Thomaston Corner,Smolt Production,4220
Marine Sites,B28E9A08-130A-4192-9537-E056C87D0D5E,Bainbridge Island,Marine Site,
Marine Sites,DF3DA7CF-B814-4C61-967A-D65A7E55F458,Hope Island,Marine Site,
Marine Sites,CF50DAF6-AB19-4AA2-BE13-009DEDAEDA04,Port Angeles,Marine Site,
NB Grand Manan,715C4985-1E78-400F-A64C-013FA21CB6C1,Adventure,Marine Site,2015
NB Grand Manan,4CC68BAA-BA0E-424C-A11E-9883CE90B488,Andys Ledge,Marine Site,2010
NB Grand Manan,4DE9E029-09E6-4C15-929F-53054BB68D0A,Bancroft Point,Marine Site,2030
NB Grand Manan,B9733C2A-C754-47DD-8268-82627B1438F6,Benson,Marine Site,2060
NB Grand Manan,356F5A21-27EC-4532-A8A3-C508758DF292,Cheney Head,Marine Site,2115
NB Grand Manan,795D58D1-F68E-43EF-9093-2D321EFE8E31,Dutch Ledge,Marine Site,2180
NB Grand Manan,D2FD6143-B0B9-4CA1-8BAA-90C6FFF4653F,Farmers Ledge,Marine Site,2205
NB Grand Manan,7B11CB69-1239-41A0-B039-B1AA3F0379DF,Great Duck,Marine Site,2270
NB Grand Manan,43CB04F2-BC9D-4C55-A4EC-1F73D4EEDA41,Green Sea,Marine Site,2280
NB Grand Manan,6F2F4060-C9AA-49E5-9BDA-855F249BB51D,L'Aventure,Marine Site,2415
NB Grand Manan,5848F57C-6382-4FA0-A983-A85FD6F007D5,Long Island,Marine Site,2400
NB Grand Manan,252700BE-9053-45B1-93E2-E108E92CE683,Nantucket,Marine Site,2440
NB Grand Manan,C31B4CF1-FCCF-4761-8D6E-F58AF838400C,Pond Point,Marine Site,2490
NB Grand Manan,F8195B36-8A63-4F96-B08E-181C22401693,Ross Island,Marine Site,2530
NB Grand Manan,CF148C55-950F-401E-817A-048B19DD471E,Two Island,Marine Site,2570
NB Grand Manan,7F16014C-7016-449F-84FF-7B69DC6173C2,White Head,Marine Site,2590
NB Grand Manan,D997702A-06BA-423C-ABC2-2FCEAC3B479A,Wood Island,Marine Site,2480
NB Mainland ,958CD715-923D-47BC-802F-B80D6079724E,Boone Cove,Marine Site,2080
NB Mainland ,5BA75698-8832-4069-B1E6-D1EF2BAC41CA,Charlie Cove,Marine Site,2110
NB Mainland ,15641361-7061-48B5-A7A5-511C6CB185B7,Crow Island,Marine Site,2120
NB Mainland ,150D7AE4-F0F0-47BE-A1E2-B2E447A40DB9,Davidson Head,Marine Site,2130
NB Mainland ,509E0C77-7DA3-41A3-975A-984C1381BE31,Doctors Cove,Marine Site,2150
NB Mainland ,7BB8D2ED-8708-4714-89AE-C4AE0853FA3D,Fairhaven,Marine Site,2200
NB Mainland ,64AAEAC5-9593-4316-A44A-C0DBAE86D58F,Fish Island,Marine Site,2210
NB Mainland ,5A4EEC1A-F1EC-439E-B9B7-178F44DF2DD1,Foleys Cove,Marine Site,2220
NB Mainland ,60B2E724-2928-49C0-8AE7-80DDDDBA7B0B,Friars Bay,Marine Site,2230
NB Mainland ,4E230014-B333-4592-ABA6-52460C7A8102,Friars Head,Marine Site,2240
NB Mainland ,1F634C2D-FD8B-4392-AB3E-306C05452CC7,Hills Island,Marine Site,2310
NB Mainland ,25246F8F-5454-4B31-97A6-21AF20B690B1,JD Bliss,Marine Site,2350
NB Mainland ,9F6F5923-EE5C-4C7B-BAFE-7B2036A2FAEA,Lords Cove,Marine Site,2410
NB Mainland ,85EBABAA-7F87-4B89-BC3E-33D5A04CE613,Penn Island,Marine Site,2485
NB Mainland ,4AC2BE51-1867-432F-80A7-68F25357AD8B,Red Head,Marine Site,2510
NB Mainland ,0E2D2601-E812-4C1F-BC98-5C2A5933CFF8,Seeleys Cove,Marine Site,2540
NB Mainland ,C87DD235-9BB9-4445-BDDD-1CDB14A92A17,Simpsons Island,Marine Site,2550
NB Mainland ,CFEC30C3-E153-429B-8488-DC4A27E6D72D,St Andrews,Marine Site,2555
NB Mainland ,DAC2746A-6D4A-4065-80A1-9ADB0DBA90CB,Welch Cove,Marine Site,2580
Nova Scotia ,FB79DAF3-ED30-4C77-92C9-0A880459A423,Blue Island    ,Marine Site,2845
Nova Scotia ,4650E690-2F75-4B07-9F42-935C64DE3D1C,Boston Rock,Marine Site,2850
Nova Scotia ,51A02375-94B9-4E41-9923-3828268BCD67,Brier Island,Marine Site,2800
Nova Scotia ,41C611D5-A6F4-44B1-A00A-385AEBEACD62,Freeport,Marine Site,2805
Nova Scotia ,AF84C4E3-02A1-4375-A12F-16C2EF5C5A35,Hartz Point,Marine Site,2810
Nova Scotia ,EE23C783-1B91-493B-BFB6-07AF86FE1FEC,Liverpool,Marine Site,2825
Nova Scotia ,A35E6E92-C628-4A0F-8CA4-E1BDD560CC8E,Long Beach,Marine Site,2835
Nova Scotia ,4B44F752-AFFC-42AF-85C8-5CFFF4F0F34B,McNutt Island,Marine Site,2860
Nova Scotia ,50E10AC1-66F3-4BBB-8F7D-18B9E3F2B711,Rattling Beach,Marine Site,2820
Nova Scotia ,043F8B83-3797-468B-A3B9-F0324B0103E0,Saddle Island,Marine Site,2830
Nova Scotia ,5D8A25EA-3FE8-401C-8D81-5C46AAD09AF8,Sandy Point,Marine Site,2840
Nova Scotia ,124A251C-DB0B-4FAC-A0CB-6E7B00AE384B,Victoria Beach,Marine Site,2895
